{
    "$schema": "https://schema.management.azure.com/schemas/2015-01-01/deploymentTemplate.json#",
    "contentVersion": "1.0.0.0",
    "parameters": {
        "workflows_FormPost_name": {
            "defaultValue": "FormPost",
            "type": "String"
        },
        "connections_Office365_externalid": {
            "defaultValue": "/subscriptions/e5beb1d6-de9e-4c45-92bb-7b8913b50e39/resourceGroups/EITDev/providers/Microsoft.Web/connections/Office365",
            "type": "String"
        },
        "connections_sharepointonline_2_externalid": {
            "defaultValue": "/subscriptions/e5beb1d6-de9e-4c45-92bb-7b8913b50e39/resourceGroups/EITDev/providers/Microsoft.Web/connections/sharepointonline-2",
            "type": "String"
        }
    },
    "variables": {},
    "resources": [
        {
            "type": "Microsoft.Logic/workflows",
            "apiVersion": "2017-07-01",
            "name": "[parameters('workflows_FormPost_name')]",
            "location": "centralus",
            "properties": {
                "state": "Enabled",
                "definition": {
                    "$schema": "https://schema.management.azure.com/providers/Microsoft.Logic/schemas/2016-06-01/workflowdefinition.json#",
                    "contentVersion": "1.0.0.0",
                    "parameters": {
                        "$connections": {
                            "defaultValue": {},
                            "type": "Object"
                        }
                    },
                    "triggers": {
                        "manual": {
                            "type": "Request",
                            "kind": "Http",
                            "inputs": {
                                "schema": {
                                    "properties": {
                                        "AcceptTerms": {
                                            "type": "string"
                                        },
                                        "City": {
                                            "type": "string"
                                        },
                                        "Email": {
                                            "type": "string"
                                        },
                                        "EventName": {
                                            "type": "string"
                                        },
                                        "FirstName": {
                                            "type": "string"
                                        },
                                        "JobTitle": {
                                            "type": "string"
                                        },
                                        "LastName": {
                                            "type": "string"
                                        },
                                        "MailingList": {
                                            "type": "string"
                                        },
                                        "Organization": {
                                            "type": "string"
                                        },
                                        "Phone": {
                                            "type": "string"
                                        },
                                        "Status": {
                                            "type": "string"
                                        },
                                        "StreetAddress": {
                                            "type": "string"
                                        }
                                    },
                                    "type": "object"
                                }
                            }
                        }
                    },
                    "actions": {
                        "Create_item": {
                            "runAfter": {},
                            "metadata": {
                                "flowSystemMetadata": {
                                    "swaggerOperationId": "PostItem"
                                }
                            },
                            "type": "ApiConnection",
                            "inputs": {
                                "body": {
                                    "AcceptTerms": "@triggerBody()?['AcceptTerms']",
                                    "City": "@triggerBody()?['City']",
                                    "Email": "@triggerBody()?['Email']",
                                    "EventName": "@triggerBody()?['EventName']",
                                    "FirstName": "@triggerBody()?['FirstName']",
                                    "JobTitle": "@triggerBody()?['JobTitle']",
                                    "LastName": "@triggerBody()?['LastName']",
                                    "MailingList": "@triggerBody()?['MailingList']",
                                    "Organization": "@triggerBody()?['Organization']",
                                    "Phone": "@triggerBody()?['Phone']",
                                    "Status": "@triggerBody()?['Status']",
                                    "StreetAddress": "@triggerBody()?['StreetAddress']"
                                },
                                "host": {
                                    "connection": {
                                        "name": "@parameters('$connections')['sharepointonline_2']['connectionId']"
                                    }
                                },
                                "method": "post",
                                "path": "/datasets/@{encodeURIComponent(encodeURIComponent('https://envisionitdev.sharepoint.com/'))}/tables/@{encodeURIComponent(encodeURIComponent('5dc99045-42f5-4641-a7d5-7190d860358e'))}/items"
                            }
                        },
                        "Send_an_email_(V2)": {
                            "runAfter": {
                                "Create_item": [
                                    "Succeeded"
                                ]
                            },
                            "metadata": {
                                "flowSystemMetadata": {
                                    "swaggerOperationId": "SendEmailV2"
                                }
                            },
                            "type": "ApiConnection",
                            "inputs": {
                                "body": {
                                    "Body": "<p>You have been added to the SharePoint list for the webinar! Click the link below to view your entry.<br>\n<br>\n@{body('Create_item')?['{Link}']}</p>",
                                    "Subject": "Added to SharePoint List",
                                    "To": "@triggerBody()?['Email']"
                                },
                                "host": {
                                    "connection": {
                                        "name": "@parameters('$connections')['office365']['connectionId']"
                                    }
                                },
                                "method": "post",
                                "path": "/v2/Mail"
                            }
                        }
                    },
                    "outputs": {}
                },
                "parameters": {
                    "$connections": {
                        "value": {
                            "office365": {
                                "connectionId": "[parameters('connections_Office365_externalid')]",
                                "connectionName": "Office365",
                                "id": "/subscriptions/e5beb1d6-de9e-4c45-92bb-7b8913b50e39/providers/Microsoft.Web/locations/centralus/managedApis/office365"
                            },
                            "sharepointonline_2": {
                                "connectionId": "[parameters('connections_sharepointonline_2_externalid')]",
                                "connectionName": "sharepointonline-2",
                                "id": "/subscriptions/e5beb1d6-de9e-4c45-92bb-7b8913b50e39/providers/Microsoft.Web/locations/centralus/managedApis/sharepointonline"
                            }
                        }
                    }
                }
            }
        }
    ]
}