{"name":"10cb5153-8a9d-4548-aad8-27ee8c3c0aef","id":"/providers/Microsoft.Flow/flows/10cb5153-8a9d-4548-aad8-27ee8c3c0aef","type":"Microsoft.Flow/flows","properties":{"apiId":"/providers/Microsoft.PowerApps/apis/shared_logicflows","displayName":"Form POST to Flow","definition":{"metadata":{"workflowEntityId":null,"creator":{"id":"300e7fae-b274-46c9-bea5-fbab8344bbea","type":"User","tenantId":"64a54bf1-8d0d-4741-a2ae-36eb0bfa4c58"},"provisioningMethod":"FromDefinition","failureAlertSubscription":true,"clientLastModifiedTime":"2019-11-21T21:27:29.7151546Z"},"$schema":"https://schema.management.azure.com/providers/Microsoft.Logic/schemas/2016-06-01/workflowdefinition.json#","contentVersion":"1.0.0.0","parameters":{"$connections":{"defaultValue":{},"type":"Object"},"$authentication":{"defaultValue":{},"type":"SecureObject"}},"triggers":{"manual":{"type":"Request","kind":"Http","inputs":{"schema":{"type":"object","properties":{"EventName":{"type":"string"},"FirstName":{"type":"string"},"LastName":{"type":"string"},"Email":{"type":"string"},"Phone":{"type":"string"},"JobTitle":{"type":"string"},"Organization":{"type":"string"},"StreetAddress":{"type":"string"},"City":{"type":"string"},"AcceptTerms":{"type":"string"},"MailingList":{"type":"string"}}}}}},"actions":{"Create_item":{"runAfter":{},"metadata":{"flowSystemMetadata":{"swaggerOperationId":"PostItem"}},"type":"ApiConnection","inputs":{"host":{"connection":{"name":"@parameters('$connections')['shared_sharepointonline']['connectionId']"},"api":{"runtimeUrl":"https://flow-apim-msmanaged-na-westus2-01.azure-apim.net/apim/sharepointonline"}},"method":"post","body":{"Title":"@triggerBody()?['EventName']","dqdl":"@triggerBody()?['FirstName']","jkyz":"@triggerBody()?['LastName']","atqe":"@triggerBody()?['Email']","OData__x0075_v00":"@triggerBody()?['Phone']","qntg":"@triggerBody()?['JobTitle']","whvz":"@triggerBody()?['Organization']","v8nb":"@triggerBody()?['StreetAddress']","fxux":"@triggerBody()?['City']","OData__x006d_un3":"@triggerBody()?['AcceptTerms']","pw4r":"@triggerBody()?['MailingList']"},"path":"/datasets/@{encodeURIComponent(encodeURIComponent('https://envisionitdev.sharepoint.com/'))}/tables/@{encodeURIComponent(encodeURIComponent('0cef5b74-9335-4d28-a21a-5f66527bd669'))}/items","authentication":"@parameters('$authentication')"}}},"outputs":{}},"connectionReferences":{"shared_sharepointonline":{"connectionName":"shared-sharepointonl-3de7abd3-3683-4cd6-9762-20f0088e25e3","source":"Embedded","id":"/providers/Microsoft.PowerApps/apis/shared_sharepointonline","tier":"NotSpecified"}},"flowFailureAlertSubscribed":false}}