{"name":"74527448-e606-4497-9f21-fcc2a9e1275a","id":"/providers/Microsoft.Flow/flows/74527448-e606-4497-9f21-fcc2a9e1275a","type":"Microsoft.Flow/flows","properties":{"apiId":"/providers/Microsoft.PowerApps/apis/shared_logicflows","displayName":"Form POST to Flow","definition":{"metadata":{"workflowEntityId":null,"creator":{"id":"300e7fae-b274-46c9-bea5-fbab8344bbea","type":"User","tenantId":"64a54bf1-8d0d-4741-a2ae-36eb0bfa4c58"},"provisioningMethod":"FromDefinition","failureAlertSubscription":true,"clientLastModifiedTime":"2019-11-27T17:23:37.9541966Z"},"$schema":"https://schema.management.azure.com/providers/Microsoft.Logic/schemas/2016-06-01/workflowdefinition.json#","contentVersion":"1.0.0.0","parameters":{"$connections":{"defaultValue":{},"type":"Object"},"$authentication":{"defaultValue":{},"type":"SecureObject"}},"triggers":{"manual":{"type":"Request","kind":"Http","inputs":{"schema":{"type":"object","properties":{"EventName":{"type":"string"},"Status":{"type":"string"},"FirstName":{"type":"string"},"LastName":{"type":"string"},"Email":{"type":"string"},"Phone":{"type":"string"},"JobTitle":{"type":"string"},"Organization":{"type":"string"},"StreetAddress":{"type":"string"},"City":{"type":"string"},"AcceptTerms":{"type":"string"},"MailingList":{"type":"string"}}}}}},"actions":{"Create_item":{"runAfter":{},"metadata":{"flowSystemMetadata":{"swaggerOperationId":"PostItem"}},"type":"ApiConnection","inputs":{"host":{"connection":{"name":"@parameters('$connections')['shared_sharepointonline']['connectionId']"},"api":{"runtimeUrl":"https://flow-apim-msmanaged-na-westus2-01.azure-apim.net/apim/sharepointonline"}},"method":"post","body":{"EventName":"@triggerBody()?['EventName']","Status":"@triggerBody()?['Status']","FirstName":"@triggerBody()?['FirstName']","LastName":"@triggerBody()?['LastName']","Email":"@triggerBody()?['Email']","Phone":"@triggerBody()?['Phone']","JobTitle":"@triggerBody()?['JobTitle']","Organization":"@triggerBody()?['Organization']","StreetAddress":"@triggerBody()?['StreetAddress']","City":"@triggerBody()?['City']","AcceptTerms":"@triggerBody()?['AcceptTerms']","MailingList":"@triggerBody()?['MailingList']"},"path":"/datasets/@{encodeURIComponent(encodeURIComponent('https://envisionitdev.sharepoint.com/'))}/tables/@{encodeURIComponent(encodeURIComponent('5dc99045-42f5-4641-a7d5-7190d860358e'))}/items","authentication":"@parameters('$authentication')"}},"Send_an_email_(V2)":{"runAfter":{"Create_item":["Succeeded"]},"metadata":{"flowSystemMetadata":{"swaggerOperationId":"SendEmailV2"}},"type":"ApiConnection","inputs":{"host":{"connection":{"name":"@parameters('$connections')['shared_office365']['connectionId']"},"api":{"runtimeUrl":"https://flow-apim-msmanaged-na-northcentralus-01.azure-apim.net/apim/office365"}},"method":"post","body":{"To":"@triggerBody()?['Email']","Subject":"Added to SharePoint List","Body":"<p>You have been added to the SharePoint list for the webinar! Click the link below to view your entry.<br>\n<br>\n@{body('Create_item')?['{Link}']}</p>"},"path":"/v2/Mail","authentication":"@parameters('$authentication')"}}},"outputs":{}},"connectionReferences":{"shared_sharepointonline":{"connectionName":"shared-sharepointonl-3de7abd3-3683-4cd6-9762-20f0088e25e3","source":"Embedded","id":"/providers/Microsoft.PowerApps/apis/shared_sharepointonline","tier":"NotSpecified"},"shared_office365":{"connectionName":"shared-office365-0eadae64-8862-42dc-af87-f97c4916d4ed","source":"Embedded","id":"/providers/Microsoft.PowerApps/apis/shared_office365","tier":"NotSpecified"}},"flowFailureAlertSubscribed":false}}