{"name":"d3a46c3a-7ac8-4a1c-90a0-02f30705c2b4","id":"/providers/Microsoft.Flow/flows/d3a46c3a-7ac8-4a1c-90a0-02f30705c2b4","type":"Microsoft.Flow/flows","properties":{"apiId":"/providers/Microsoft.PowerApps/apis/shared_logicflows","displayName":"Form POST to SharePoint","definition":{"metadata":{"workflowEntityId":null,"creator":{"id":"300e7fae-b274-46c9-bea5-fbab8344bbea","type":"User","tenantId":"64a54bf1-8d0d-4741-a2ae-36eb0bfa4c58"},"provisioningMethod":"FromDefinition","failureAlertSubscription":true,"clientLastModifiedTime":"2019-11-27T17:40:24.5585778Z"},"$schema":"https://schema.management.azure.com/providers/Microsoft.Logic/schemas/2016-06-01/workflowdefinition.json#","contentVersion":"1.0.0.0","parameters":{"$connections":{"defaultValue":{},"type":"Object"},"$authentication":{"defaultValue":{},"type":"SecureObject"}},"triggers":{"When_an_item_is_created":{"recurrence":{"frequency":"Minute","interval":1},"splitOn":"@triggerBody()?['value']","metadata":{"flowSystemMetadata":{"swaggerOperationId":"GetOnNewItems"}},"type":"ApiConnection","inputs":{"host":{"connection":{"name":"@parameters('$connections')['shared_sharepointonline']['connectionId']"},"api":{"runtimeUrl":"https://flow-apim-msmanaged-na-westus2-01.azure-apim.net/apim/sharepointonline"}},"method":"get","path":"/datasets/@{encodeURIComponent(encodeURIComponent('https://envisionitdev.sharepoint.com/'))}/tables/@{encodeURIComponent(encodeURIComponent('96e20a23-ec2e-4b25-9421-ad2abbee6f50'))}/onnewitems","authentication":"@parameters('$authentication')"}}},"actions":{"Send_an_email_(V2)":{"runAfter":{},"metadata":{"flowSystemMetadata":{"swaggerOperationId":"SendEmailV2"}},"type":"ApiConnection","inputs":{"host":{"connection":{"name":"@parameters('$connections')['shared_office365']['connectionId']"},"api":{"runtimeUrl":"https://flow-apim-msmanaged-na-northcentralus-01.azure-apim.net/apim/office365"}},"method":"post","body":{"To":"@triggerBody()?['Email']","Subject":"Added to SharePoint List","Body":"<p>You have been added to the SharePoint list for the webinar! Click the link below to view your entry.<br>\n<br>\n@{triggerBody()?['{Link}']}</p>"},"path":"/v2/Mail","authentication":"@parameters('$authentication')"}}}},"connectionReferences":{"shared_sharepointonline":{"connectionName":"shared-sharepointonl-3de7abd3-3683-4cd6-9762-20f0088e25e3","source":"Embedded","id":"/providers/Microsoft.PowerApps/apis/shared_sharepointonline","tier":"NotSpecified"},"shared_office365":{"connectionName":"shared-office365-0eadae64-8862-42dc-af87-f97c4916d4ed","source":"Embedded","id":"/providers/Microsoft.PowerApps/apis/shared_office365","tier":"NotSpecified"}},"flowFailureAlertSubscribed":false}}